{
    "ver": "4.0",
    "name": "Microsoft.XboxLive.T1030018025.AchievementUpdate",
    "time": "REPLACETIME",
    "iKey": "o:0890af88a9ed4cc886a14f5e174a2827",
    "ext": {
        "utc": {
            "shellId": 1,
            "eventFlags": 1,
            "pgName": "1",
            "flags": 1,
            "epoch": "1",
            "seq": REPLACESEQ
        },
        "privacy": {
            "isRequired": false
        },
        "metadata": {
            "f": {
                "baseData": {
                    "f": {
                        "properties": {
                            "f": {
                                "CurrentValue": 4,
                                "Id": 4
                            }
                        }
                    }
                }
            },
            "policies": 0
        },
        "os": {
            "bootId": 1,
            "name": "Windows",
            "ver": "1",
            "expId": "1"
        },
        "app": {
            "id": "U:Microsoft.BulldogThreshold_1.12186.1.2_x64__8wekyb3d8bbwe!xgameFinal",
            "ver": "1.12186.1.2_x64_!2017/06/21:23:05:09!0!xgamefinal.exe",
            "is1P": 1,
            "asId": 1
        },
        "device": {
            "localId": "s:11111111-1111-1111-1111-111111111111",
            "deviceClass": "Windows.Desktop"
        },
        "protocol": {
            "devMake": "1",
            "devModel": "1",
            "ticketKeys": [
                "1"
            ]
        },
        "user": {
            "localId": "m:1111111111111111"
        },
        "loc": {
            "tz": "00:00"
        }
    },
    "data": {
        "baseType": "Microsoft.XboxLive.InGame",
        "baseData": {
            "name": "AchievementUpdate",
            "serviceConfigId": "6fa90100-88a3-442b-a8b1-8cf53d64d3e9",
            "playerSessionId": "11111111-1111-1111-1111-111111111111",
            "titleId": "1030018025",
            "userId": "REPLACEXUID",
            "ver": 1,
            "properties": {
                "CurrentValue": 1,
                "Id": "REPLACEID"
            }
        }
    }
}