{
    "ver": "4.0",
    "name": "Microsoft.XboxLive.T1667928394.AchievementUnlocked",
    "time": "REPLACETIME",
    "iKey": "o:0890af88a9ed4cc886a14f5e174a2827",
    "ext": {
        "utc": {
            "shellId": 1,
            "eventFlags": 1,
            "pgName": "1",
            "flags": 1,
            "epoch": "1",
            "seq": REPLACESEQ
        },
        "privacy": {
            "isRequired": false
        },
        "metadata": {
            "f": {
                "baseData": {
                    "f": {
                        "properties": {
                            "f": {
                                "UnlockId": 4
                            }
                        }
                    }
                }
            },
            "policies": 0
        },
        "os": {
            "bootId": 1,
            "name": "1",
            "ver": "1",
            "expId": "1"
        },
        "app": {
            "id": "U:Microsoft.HoganThreshold_1.11.2931.2_x64__8wekyb3d8bbwe!xgame.App",
            "ver": "1.11.2931.2_x64_!2019/02/22:03:36:34!0!halowars2_winappdx12final.exe",
            "is1P": 1,
            "asId": 1
        },
        "device": {
            "localId": "s:11111111-1111-1111-1111-111111111111",
            "deviceClass": "Windows.Desktop"
        },
        "protocol": {
            "devMake": "1",
            "devModel": "1",
            "ticketKeys": [
                "1"
            ]
        },
        "user": {
            "localId": "m:1111111111111111"
        },
        "loc": {
            "tz": "00:00"
        }
    },
    "data": {
        "baseType": "Microsoft.XboxLive.InGame",
        "baseData": {
            "name": "AchievementUnlocked",
            "serviceConfigId": "e7c70100-92e8-4a04-8b33-b9f8636a914a",
            "playerSessionId": "11111111-1111-1111-1111-111111111111",
            "titleId": "1667928394",
            "userId": "REPLACEXUID",
            "ver": 1,
            "properties": {
                "UnlockId": "REPLACEID"
            },
            "measurements": {}
        }
    }
}