{
    "ver": "4.0",
    "name": "REPLACETITLE",
    "time": "REPLACETIME",
    "iKey": "o:0890af88a9ed4cc886a14f5e174a2827",
    "ext": {
        "utc": {
            "shellId": 1,
            "eventFlags": 1,
            "pgName": "XBOX",
            "flags": 1,
            "epoch": "1",
            "seq": REPLACESEQ
        },
        "privacy": {
            "isRequired": false
        },
        "os": {
            "bootId": 1,
            "name": "Windows",
            "ver": "1",
            "expId": "1"
        },
        "app": {
            "id": "U:DoubleElevenLimited.GoatSimulatorWindows10_1.8.3.2_x64__0hbmw099njyxm!App",
            "ver": "1.8.3.2_x64_!2019/06/01:16:16:37!0!goat simulator.exe",
            "is1P": 1,
            "asId": 1
        },
        "metadata": {
            "policies": 0
        },
        "device": {
            "localId": "s:11111111-1111-1111-1111-111111111111",
            "deviceClass": "Windows.Desktop"
        },
        "protocol": {
            "devMake": "1",
            "devModel": "1",
            "ticketKeys": [
                "1"
            ]
        },
        "user": {
            "localId": "m:11111111111111111"
        },
        "loc": {
            "tz": "00:00"
        }
    },
    "data": {
        "baseType": "Microsoft.XboxLive.InGame",
        "baseData": {
            "name": "REPLACENAME",
            "serviceConfigId": "00000000-0000-0000-0000-00006517190a",
            "playerSessionId": "11111111-1111-1111-1111-111111111111",
            "titleId": "1696012554",
            "userId": "REPLACEXUID",
            "ver": 1
        }
    }
}