{
    "ver": "4.0",
    "name": "Microsoft.XboxLive.T1805483741.AchievementUnlock",
    "time": "REPLACETIME",
    "iKey": "o:0890af88a9ed4cc886a14f5e174a2827",
    "ext": {
        "utc": {
            "shellId": 1,
            "eventFlags": 1,
            "pgName": "XBOX",
            "flags": 1,
            "epoch": "1",
            "seq": REPLACESEQ
        },
        "privacy": {
            "dataType": 33554432,
            "isRequired": false
        },
        "metadata": {
            "f": {
                "baseData": {
                    "f": {
                        "properties": {
                            "f": {
                                "AchievementID": 4
                            }
                        },
                        "ver": 2
                    }
                }
            },
            "privTags": 33554432,
            "policies": 0
        },
        "os": {
            "bootId": 1,
            "name": "Windows",
            "ver": "1",
            "expId": "1"
        },
        "app": {
            "id": "U:BethesdaSoftworks.DishonoredDeathoftheOutsiderPC_1.13.0.0_x64__3275kfvn8vcwc!Game",
            "ver": "1.13.0.0_x64_!2021/06/10:15:36:08!0!dishonored_do_x64.exe",
            "is1P": 1,
            "asId": 1
        },
        "device": {
            "localId": "s:11111111-1111-1111-1111-111111111111",
            "deviceClass": "Windows.Desktop"
        },
        "protocol": {
            "devMake": "1",
            "devModel": "1",
            "ticketKeys": [
                "1"
            ]
        },
        "user": {
            "localId": "m:1111111111111111"
        },
        "loc": {
            "tz": "00:00"
        }
    },
    "data": {
        "baseType": "Microsoft.XboxLive.InGame",
        "baseData": {
            "measurements": {},
            "name": "AchievementUnlock",
            "playerSessionId": "11111111-1111-1111-1111-111111111111",
            "properties": {
                "AchievementID": REPLACEID
            },
            "serviceConfigId": "00000000-0000-0000-0000-00006b9d7edd",
            "titleId": 1805483741,
            "userId": "REPLACEXUID",
            "ver": 1
        }
    }
}
