{
    "ver": "4.0",
    "name": "Microsoft.XboxLive.T199746733.ConanAchievementProgressionEvent",
    "time": "REPLACETIME",
    "iKey": "o:0890af88a9ed4cc886a14f5e174a2827",
    "ext": {
        "utc": {
            "shellId": 1,
            "eventFlags": 1,
            "pgName": "XBOX",
            "flags": 1,
            "epoch": "1",
            "seq": REPLACESEQ
        },
        "privacy": {
            "dataType": 33554432,
            "isRequired": false
        },
        "metadata": {
            "f": {
                "baseData": {
                    "f": {
                        "measurements": {
                            "f": {
                                "Progression": 4
                            }
                        },
                        "properties": {
                            "f": {
                                "AchievementIndex": 4
                            }
                        },
                        "ver": 2
                    }
                }
            },
            "privTags": 33554432,
            "policies": 0
        },
        "os": {
            "bootId": 1,
            "name": "1",
            "ver": "1",
            "expId": "1"
        },
        "app": {
            "id": "U:FuncomOsloAS.ConanExiles_8979.204.1650.0_x64__pkaskhy6cdq4g!App",
            "ver": "8979.204.1650.0_x64_!2024/07/01:21:38:39!5DF3E93!conansandboxms.exe",
            "is1P": 1,
            "asId": 1
        },
        "device": {
            "localId": "s:11111111-1111-1111-1111-111111111111",
            "deviceClass": "Windows.Desktop"
        },
        "protocol": {
            "devMake": "1",
            "devModel": "1",
            "ticketKeys": [
                "1"
            ]
        },
        "user": {
            "localId": "m:1111111111111111"
        },
        "loc": {
            "tz": "00:00"
        }
    },
    "data": {
        "baseType": "Microsoft.XboxLive.InGame",
        "baseData": {
            "measurements": {
                "Progression": 100
            },
            "name": "ConanAchievementProgressionEvent",
            "playerSessionId": "11111111-1111-1111-1111-111111111111",
            "properties": {
                "AchievementIndex": "REPLACEID"
            },
            "serviceConfigId": "e6040100-3bba-41ea-b345-3c6d0be7e4ad",
            "titleId": 199746733,
            "userId": "REPLACEXUID",
            "ver": 1
        }
    }
}
