{
    "ver": "4.0",
    "name": "Microsoft.XboxLive.T333628240.ProgressionEvent",
    "time": "REPLACETIME",
    "iKey": "o:0890af88a9ed4cc886a14f5e174a2827",
    "ext": {
        "utc": {
            "shellId": 1,
            "eventFlags": 1,
            "pgName": "XBOX",
            "flags": 1,
            "epoch": "1",
            "seq": REPLACESEQ
        },
        "privacy": {
            "isRequired": false
        },
        "metadata": {
            "f": {
                "baseData": {
                    "f": {
                        "properties": {
                            "f": {
                                "ProgressionData": 4
                            }
                        }
                    }
                }
            },
            "policies": 0
        },
        "os": {
            "bootId": 1,
            "name": "Windows",
            "ver": "1",
            "expId": "1"
        },
        "app": {
            "id": "U:Microsoft.QuantumBreak_2.5.0.0_x64__8wekyb3d8bbwe!App",
            "ver": "2.5.0.0_x64_!2016/06/23:08:26:02!13D67C0!quantumbreak.exe",
            "is1P": 1,
            "asId": 1
        },
        "device": {
            "localId": "s:11111111-1111-1111-1111-111111111111",
            "deviceClass": "Windows.Desktop"
        },
        "protocol": {
            "devMake": "1",
            "devModel": "1",
            "ticketKeys": [
                "1"
            ]
        },
        "user": {
            "localId": "m:11111111111111111"
        },
        "loc": {
            "tz": "00:00"
        }
    },
    "data": {
        "baseType": "Microsoft.XboxLive.InGame",
        "baseData": {
            "name": "ProgressionEvent",
            "serviceConfigId": "636a0100-392d-4116-9c4f-e0c513e2c350",
            "playerSessionId": "11111111-1111-1111-1111-111111111111",
            "titleId": "333628240",
            "userId": "REPLACEXUID",
            "ver": 1,
            "properties": {
                "ProgressionData": "REPLACEINDEX"
            },
            "measurements": {}
        }
    }
}