{
    "ver": "4.0",
    "name": "Microsoft.XboxLive.T649881449.AchievementUnlocked",
    "time": "REPLACETIME",
    "iKey": "o:0890af88a9ed4cc886a14f5e174a2827",
    "ext": {
        "utc": {
            "shellId": 1,
            "eventFlags": 1,
            "pgName": "XBOX",
            "flags": 1,
            "epoch": "1",
            "seq": REPLACESEQ
        },
        "privacy": {
            "isRequired": false
        },
        "metadata": {
            "f": {
                "baseData": {
                    "f": {
                        "properties": {
                            "f": {
                                "ID": 4
                            }
                        }
                    }
                }
            },
            "policies": 0
        },
        "os": {
            "bootId": 1,
            "name": "Windows",
            "ver": "1",
            "expId": "1"
        },
        "app": {
            "id": "U:38985CA0.PCCallofDutyModernWarfareRemastered_1.2017.726.2_x64__5bkah9njm3e9g!App",
            "ver": "1.2017.726.2_x64_!2017/07/26:01:34:39!0!h1_boot64_ship.exe",
            "is1P": 1,
            "asId": 1
        },
        "device": {
            "localId": "s:11111111-1111-1111-1111-111111111111",
            "deviceClass": "Windows.Desktop"
        },
        "protocol": {
            "devMake": "1",
            "devModel": "1",
            "ticketKeys": [
                "1"
            ]
        },
        "user": {
            "localId": "m:1111111111111111"
        },
        "loc": {
            "tz": "00:00"
        }
    },
    "data": {
        "baseType": "Microsoft.XboxLive.InGame",
        "baseData": {
            "name": "AchievementUnlocked",
            "serviceConfigId": "cb430100-a88e-4792-931a-2e3726bc6769",
            "playerSessionId": "11111111-1111-1111-1111-111111111111",
            "titleId": "649881449",
            "userId": "REPLACEXUID",
            "ver": 1,
            "properties": {
                "ID": "REPLACEID"
            }
        }
    }
}