{
    "ver": "4.0",
    "name": "Microsoft.XboxLive.T766737132.CustomGameComplete",
    "time": "REPLACETIME",
    "iKey": "o:0890af88a9ed4cc886a14f5e174a2827",
    "ext": {
        "utc": {
            "shellId": 1,
            "eventFlags": 1,
            "pgName": "XBOX",
            "flags": 1,
            "epoch": "1",
            "seq": REPLACESEQ
        },
        "privacy": {
            "isRequired": false
        },
        "metadata": {
            "f": {
                "baseData": {
                    "f": {
                        "properties": {
                            "f": {
                                "Headshots": 4,
                                "MapObjectCount": 4,
                                "NumPlayers": 4,
                                "PlayerCreatedMap": 4,
                                "UserCreatedMap": 4,
                                "Won": 4
                            }
                        },
                        "measurements": {
                            "f": {
                                "KDA": 6
                            }
                        }
                    }
                }
            },
            "policies": 0
        },
        "os": {
            "bootId": 1,
            "name": "Windows",
            "ver": "1",
            "expId": "1"
        },
        "app": {
            "id": "U:Microsoft.Halo5Forge_1.194.6192.2_x64__8wekyb3d8bbwe!Ausar",
            "ver": "1.194.6192.2_x64_!2018/03/06:08:41:06!55ED9DD!halo5forge.exe",
            "is1P": 1,
            "asId": 1
        },
        "device": {
            "localId": "s:11111111-1111-1111-1111-111111111111",
            "deviceClass": "Windows.Desktop"
        },
        "protocol": {
            "devMake": "1",
            "devModel": "1",
            "ticketKeys": [
                "1"
            ]
        },
        "user": {
            "localId": "m:11111111111111111"
        },
        "loc": {
            "tz": "00:00"
        }
    },
    "data": {
        "baseType": "Microsoft.XboxLive.InGame",
        "baseData": {
            "name": "CustomGameComplete",
            "serviceConfigId": "e51a0100-805a-4b6c-b777-5d492db37aec",
            "playerSessionId": "11111111-1111-1111-1111-111111111111",
            "titleId": "766737132",
            "userId": "REPLACEXUID",
            "ver": 1,
            "properties": {
                "Headshots": 0,
                "MapObjectCount": 50,
                "NumPlayers": "REPLACEPLAYERS",
                "PlayerCreatedMap": 1,
                "UserCreatedMap": 1,
                "Won": 1
            },
            "measurements": {
                "KDA": -1
            }
        }
    }
}