{
    "ver": "4.0",
    "name": "Microsoft.XboxLive.T885488152.AchievementTrigger",
    "time": "REPLACETIME",
    "iKey": "o:0890af88a9ed4cc886a14f5e174a2827",
    "ext": {
        "utc": {
            "shellId": 1,
            "eventFlags": 1,
            "pgName": "XBOX",
            "flags": 1,
            "epoch": "1",
            "seq": REPLACESEQ
        },
        "privacy": {
            "dataType": 1,
            "isRequired": false
        },
        "metadata": {
            "f": {
                "baseData": {
                    "f": {
                        "properties": {
                            "f": {
                                "Index": 4
                            }
                        },
                        "ver": 2
                    }
                }
            },
            "privTags": 1,
            "policies": 0
        },
        "os": {
            "bootId": 1,
            "name": "Windows",
            "ver": "1",
            "expId": "1"
        },
        "app": {
            "id": "U:PlaydeadAPS.abc59746-ec6a-44fc-b549-4fce193ec549_1.0.7.0_x64__2m6wzp0cmt084!INSIDE",
            "ver": "1.0.7.0_x64_!2020/07/09:16:04:14!0!inside.exe",
            "is1P": 1,
            "asId": 1
        },
        "device": {
            "localId": "s:11111111-1111-1111-1111-111111111111",
            "deviceClass": "Windows.Desktop"
        },
        "protocol": {
            "devMake": "1",
            "devModel": "1",
            "ticketKeys": [
                "1"
            ]
        },
        "user": {
            "localId": "w:11111111-1111-1111-1111-111111111111"
        },
        "loc": {
            "tz": "00:00"
        }
    },
    "data": {
        "baseType": "Microsoft.XboxLive.InGame",
        "baseData": {
            "measurements": {},
            "name": "AchievementTrigger",
            "playerSessionId": "11111111-1111-1111-1111-111111111111",
            "properties": {
                "Index": REPLACECRITERIA
            },
            "serviceConfigId": "61af0100-9a70-444f-9aeb-132234c77a18",
            "titleId": 885488152,
            "userId": "REPLACEXUID",
            "ver": 1
        }
    }
}
